{"cameraMode":{"drawMode":0,"name":"Shaded","section":"Shading Mode"},"sceneLighting":false,"audioPlay":false,"sceneViewState":{"showFog":true,"showMaterialUpdate":false,"showSkybox":false,"showFlares":true,"showImageEffects":true,"showParticleSystems":true},"in2DMode":false,"pivot":{"x":0.0,"y":1.590000033378601,"z":0.8399999737739563},"rotation":{"x":-0.09753876179456711,"y":0.048346180468797687,"z":-0.004743687342852354,"w":-0.9940477013587952},"size":0.000057209443184547126,"orthographic":false}